NO,,대표자,"상 호
(사업자)",발전소 위치,원동력,"용량
(MW)","*허가일
*변경일","사업
준비기간","기타
(변경사항)"
,,,,"127°23'47.32902""E 
34°12'04.00381""N   
127°24'06.49976""E 
34°11'45.92230""N 
127°24'15.66419""E   
34°11'22.06962""N 
127°24'23.35336""E 
34°10'47.25847""N   
127°24'26.60600""E 
34°10'15.61299""N 
127°24'21.66401""E   
34°09'21.11590""N 
127°23'53.08985""E 
34°08'49.06760""N   
127°23'18.51173""E 
34°08'28.97915""N 
127°22'43.01626""E   
34°08'14.89615""N 
127°21'58.75551""E 
34°08'10.68243""N",,,,,
