NO,,대표자,"상 호
(사업자)",발전소 위치,원동력,"용량
(MW)","*허가일
*변경일","사업
준비기간","기타
(변경사항)"
,,,,"127°21'26.66370""E 
34°08'10.24677""N 
127°21'07.30747""E   
34°08'12.02835""N 
127°20'42.57077""E 
34°08'15.12750""N   
127°20'24.05470""E 
34°08'18.73781""N 
127°20'09.31932""E   
34°08'33.40590""N 
127°19'30.86511""E 
34°09'00.97958""N   
127°18'49.78364""E 
34°09'28.92136""N 
127°18'24.22187""E 
34°09'59.83251""N   
127°18'06.99428""E 
34°10'54.71312""N 
127°17'56.57110""E   
34°12'36.83565""N",,,,,
