NO,,대표자,"상 호
(사업자)",발전소 위치,원동력,"용량
(MW)","*허가일
*변경일","사업
준비기간","기타
(변경사항)"
,,,,"07'    30.28924358""  E*  풍
력발전기1435°  14' 
47.79105270""  N  /  130° 
09'    17.86983504""  E*  풍
력발전기1535°  18' 
46.79322100""  N  /  130° 
09'    46.04897812""  E*  풍
력발전기2035°  14' 
44.15821802""  N  /  130° 
10'    15.49251799""  E*  풍
력발전기2135°  18' 
43.15578764""  N  /  130° 
10'    43.71817691""  E*  풍
력발전기2435°  17' 
53.17113694""  N  /  130° 
11'    12.66404630""  E*  풍
력발전기2635°  17' 
03.18464723""  N  /  130° 
11'    41.60021587""  E*  풍
력발전기2735°  15'",,,,,
