NO,,대표자,"상 호
(사업자)",발전소 위치,원동력,"용량
(MW)","*허가일
*변경일","사업
준비기간","기타
(변경사항)"
,,,,"30°08'20.52811490""E*풍력
발전기
1735°09'12.45448166""N/1
30°08'50.01705437""E*풍력
발전기
1835°13'11.46311666""N/1
30°09'18.13354174""E*풍력
발전기
2335°13'07.83059868""N/1
30°10'15.73733155""E*풍력
발전기
2535°09'55.17411284""N/1
30°10'16.22922532""E*풍력
발전기
2635°12'17.84760788""N/1
30°10'44.65658265""E*풍력
발전기
2735°10'41.51952780""N/1
30°10'44.89310047""E*풍력
발전기",,,,,
